m,n,method,seed,iters,f_evals,time_ms,f_abs,converged,f0,rel_phi_err0,rel_phi_err_lam
32,64,brent,0,1,0,0.0,1.296e-01,True,9.809036e-03,8.873e-02,9.099e-02
32,64,newton,0,100,101,295.5,3.967e-03,False,9.809036e-03,8.873e-02,8.996e-02
32,64,fixed,0,100,534,450.9,7.925e-05,False,9.809036e-03,8.873e-02,9.007e-02
32,64,brent,1,1,0,0.0,2.027e-02,True,-2.026513e-02,8.457e-02,8.457e-02
32,64,newton,1,100,101,287.1,3.657e-03,False,-2.026513e-02,8.457e-02,8.554e-02
32,64,fixed,1,100,575,496.0,2.523e-04,False,-2.026513e-02,8.457e-02,8.767e-02
32,64,brent,2,1,0,0.0,3.288e-02,True,1.722239e-01,9.073e-02,9.065e-02
32,64,newton,2,48,48,140.0,4.914e-06,True,1.722239e-01,9.073e-02,9.124e-02
32,64,fixed,2,100,719,560.7,4.629e-05,False,1.722239e-01,9.073e-02,9.233e-02
