m,n,method,seed,iters,f_evals,time_ms,f_abs,converged,f0,rel_phi_err0,rel_phi_err_lam
32,32,brent,0,1,0,0.0,1.323e-01,True,3.990794e-02,1.002e-01,9.885e-02
32,32,newton,0,100,101,291.1,2.519e-03,False,3.990794e-02,1.002e-01,9.435e-02
32,32,fixed,0,100,547,377.6,2.008e-03,False,3.990794e-02,1.002e-01,9.655e-02
32,32,brent,1,1,0,0.0,2.425e-01,True,2.173756e-01,9.078e-02,8.413e-02
32,32,newton,1,100,101,284.3,3.232e-03,False,2.173756e-01,9.078e-02,8.767e-02
32,32,fixed,1,100,573,407.1,1.362e-04,False,2.173756e-01,9.078e-02,8.632e-02
32,32,brent,2,4,3,2.1,2.505e-03,True,-2.451922e-01,8.632e-02,8.698e-02
32,32,newton,2,56,56,166.1,0.000e+00,True,-2.451922e-01,8.632e-02,8.911e-02
32,32,fixed,2,22,82,62.8,0.000e+00,True,-2.451922e-01,8.632e-02,8.911e-02
