m,n,method,seed,iters,f_evals,time_ms,f_abs,converged,f0,rel_phi_err0,rel_phi_err_lam
128,64,brent,0,6,5,3.1,4.858e-04,True,-1.277029e-01,8.636e-02,8.783e-02
128,64,newton,0,100,101,310.0,6.656e-03,False,-1.277029e-01,8.636e-02,8.822e-02
128,64,fixed,0,10,13,29.9,5.576e-06,True,-1.277029e-01,8.636e-02,8.785e-02
128,64,brent,1,4,3,2.1,1.420e-04,True,-7.976049e-02,8.666e-02,8.651e-02
128,64,newton,1,100,101,312.9,3.826e-03,False,-7.976049e-02,8.666e-02,8.773e-02
128,64,fixed,1,100,523,590.4,1.123e-04,False,-7.976049e-02,8.666e-02,8.684e-02
128,64,brent,2,1,0,0.0,8.603e-03,True,7.245569e-02,8.872e-02,8.962e-02
128,64,newton,2,100,101,313.1,3.177e-03,False,7.245569e-02,8.872e-02,9.060e-02
128,64,fixed,2,14,24,46.7,2.194e-06,True,7.245569e-02,8.872e-02,8.969e-02
