m,n,method,seed,iters,f_evals,time_ms,f_abs,converged,f0,rel_phi_err0,rel_phi_err_lam
128,32,brent,0,1,0,0.0,5.098e-02,True,3.624598e-02,8.856e-02,8.302e-02
128,32,newton,0,69,69,171.8,3.038e-06,True,3.624598e-02,8.856e-02,8.586e-02
128,32,fixed,0,100,487,425.4,5.142e-05,False,3.624598e-02,8.856e-02,8.673e-02
128,32,brent,1,1,0,0.0,1.477e-01,True,1.717775e-01,8.895e-02,9.382e-02
128,32,newton,1,27,27,81.0,6.320e-06,True,1.717775e-01,8.895e-02,8.842e-02
128,32,fixed,1,74,309,298.6,6.732e-06,True,1.717775e-01,8.895e-02,8.864e-02
128,32,brent,2,1,0,0.0,4.764e-02,True,3.749931e-02,9.186e-02,9.276e-02
128,32,newton,2,100,101,244.7,2.129e-02,False,3.749931e-02,9.186e-02,9.231e-02
128,32,fixed,2,100,489,439.7,3.881e-05,False,3.749931e-02,9.186e-02,9.321e-02
