m,n,method,seed,iters,f_evals,time_ms,f_abs,converged,f0,rel_phi_err0,rel_phi_err_lam
64,16,brent,0,1,0,0.0,1.416e-01,True,5.884469e-03,7.842e-02,8.611e-02
64,16,newton,0,100,101,287.6,3.979e-03,False,5.884469e-03,7.842e-02,7.973e-02
64,16,fixed,0,100,384,333.6,7.725e-05,False,5.884469e-03,7.842e-02,8.173e-02
64,16,brent,1,3,2,1.2,1.217e-02,True,-1.906858e-01,8.894e-02,8.836e-02
64,16,newton,1,100,101,287.3,3.230e-03,False,-1.906858e-01,8.894e-02,8.905e-02
64,16,fixed,1,100,455,400.6,7.426e-05,False,-1.906858e-01,8.894e-02,8.852e-02
64,16,brent,2,3,2,1.3,1.181e-03,True,-6.511222e-02,8.759e-02,9.298e-02
64,16,newton,2,100,101,287.6,3.363e-03,False,-6.511222e-02,8.759e-02,9.156e-02
64,16,fixed,2,100,561,467.3,1.100e-04,False,-6.511222e-02,8.759e-02,9.354e-02
