m,n,method,seed,iters,f_evals,time_ms,f_abs,converged,f0,rel_phi_err0,rel_phi_err_lam
128,16,brent,0,1,0,0.0,4.426e-03,True,-4.426077e-03,8.067e-02,8.067e-02
128,16,newton,0,100,101,290.5,2.612e-03,False,-4.426077e-03,8.067e-02,7.977e-02
128,16,fixed,0,81,465,424.4,4.962e-06,True,-4.426077e-03,8.067e-02,8.036e-02
128,16,brent,1,4,3,2.4,1.991e-03,True,-1.057115e-01,7.832e-02,7.884e-02
128,16,newton,1,100,101,297.9,2.291e-04,False,-1.057115e-01,7.832e-02,7.914e-02
128,16,fixed,1,100,416,367.4,9.416e-05,False,-1.057115e-01,7.832e-02,7.850e-02
128,16,brent,2,4,3,2.2,2.414e-03,True,1.097333e-03,8.742e-02,9.313e-02
128,16,newton,2,100,101,297.1,1.473e-03,False,1.097333e-03,8.742e-02,9.034e-02
128,16,fixed,2,100,511,421.0,8.176e-05,False,1.097333e-03,8.742e-02,9.019e-02
