m,n,method,seed,iters,f_evals,time_ms,f_abs,converged,f0,rel_phi_err0,rel_phi_err_lam
32,16,brent,0,1,0,0.0,1.100e-01,True,9.149374e-02,9.007e-02,9.735e-02
32,16,newton,0,100,101,305.0,3.302e-03,False,9.149374e-02,9.007e-02,9.055e-02
32,16,fixed,0,100,490,366.2,9.626e-05,False,9.149374e-02,9.007e-02,9.070e-02
32,16,brent,1,5,4,2.9,2.621e-03,True,-2.029016e-01,9.320e-02,8.721e-02
32,16,newton,1,100,101,307.1,1.710e-03,False,-2.029016e-01,9.320e-02,8.694e-02
32,16,fixed,1,100,489,391.5,1.613e-04,False,-2.029016e-01,9.320e-02,8.189e-02
32,16,brent,2,4,3,2.1,6.667e-03,True,-8.460135e-02,8.815e-02,8.016e-02
32,16,newton,2,100,101,281.4,4.729e-03,False,-8.460135e-02,8.815e-02,8.143e-02
32,16,fixed,2,100,528,386.3,1.832e-03,False,-8.460135e-02,8.815e-02,7.991e-02
