m,n,method,seed,iters,f_evals,time_ms,f_abs,converged,f0,rel_phi_err0,rel_phi_err_lam
64,64,brent,0,1,0,0.0,1.211e-01,True,9.800158e-04,9.103e-02,8.919e-02
64,64,newton,0,100,101,234.2,1.216e-03,False,9.800158e-04,9.103e-02,8.997e-02
64,64,fixed,0,100,696,573.1,3.625e-05,False,9.800158e-04,9.103e-02,9.157e-02
64,64,brent,1,1,0,0.0,8.618e-02,True,8.864701e-03,8.806e-02,8.826e-02
64,64,newton,1,100,101,229.5,3.483e-03,False,8.864701e-03,8.806e-02,8.846e-02
64,64,fixed,1,100,506,459.2,9.744e-04,False,8.864701e-03,8.806e-02,8.891e-02
64,64,brent,2,1,0,0.0,4.390e-02,True,1.599424e-01,9.316e-02,9.076e-02
64,64,newton,2,100,101,242.5,3.703e-04,False,1.599424e-01,9.316e-02,9.042e-02
64,64,fixed,2,19,67,67.2,5.364e-07,True,1.599424e-01,9.316e-02,9.108e-02
